,osm_id,name,addr:city,addr:country,addr:housename,addr:housenumber,addr:postcode,addr:state,addr:street,building
28789774,28789774,NA,NA,NA,NA,NA,NA,NA,NA,NA
36969762,36969762,NA,Madison,NA,NA,301,53705,WI,Eagle Heights Drive,apartments
36969763,36969763,NA,Madison,NA,NA,308,53705,WI,Eagle Heights Drive,apartments
36969764,36969764,NA,Madison,NA,NA,309,53705,WI,Eagle Heights Drive,apartments
36969765,36969765,NA,Madison,NA,NA,302,53705,WI,Eagle Heights Drive,apartments
36969766,36969766,NA,Madison,NA,NA,303,53705,WI,Eagle Heights Drive,apartments
36969767,36969767,NA,Madison,NA,NA,304,53705,WI,Eagle Heights Drive,apartments
36969768,36969768,NA,Madison,NA,NA,307,53705,WI,Eagle Heights Drive,apartments
36969769,36969769,NA,Madison,NA,NA,306,53705,WI,Eagle Heights Drive,apartments
36969770,36969770,NA,Madison,NA,NA,305,53705,WI,Eagle Heights Drive,apartments
36969771,36969771,NA,Madison,NA,NA,401,53705,WI,Eagle Heights Drive,apartments
36969772,36969772,NA,Madison,NA,NA,402,53705,WI,Eagle Heights Drive,apartments
36969773,36969773,NA,Madison,NA,NA,403,53705,WI,Eagle Heights Drive,apartments
36969774,36969774,NA,Madison,NA,NA,404,53705,WI,Eagle Heights Drive,apartments
36969775,36969775,NA,Madison,NA,NA,405,53705,WI,Eagle Heights Drive,apartments
36969776,36969776,NA,Madison,NA,NA,406,53705,WI,Eagle Heights Drive,apartments
36969777,36969777,NA,Madison,NA,NA,407,53705,WI,Eagle Heights Drive,apartments
36969779,36969779,NA,Madison,NA,NA,610,53705,WI,Eagle Heights Drive,apartments
36969780,36969780,NA,Madison,NA,NA,609,53705,WI,Eagle Heights Drive,apartments
36969781,36969781,NA,Madison,NA,NA,608,53705,WI,Eagle Heights Drive,apartments
36969782,36969782,NA,Madison,NA,NA,607,53705,WI,Eagle Heights Drive,apartments
36969783,36969783,NA,Madison,NA,NA,606,53705,WI,Eagle Heights Drive,apartments
36969784,36969784,NA,Madison,NA,NA,601,53705,WI,Eagle Heights Drive,apartments
36969785,36969785,NA,Madison,NA,NA,602,53705,WI,Eagle Heights Drive,apartments
36969786,36969786,NA,Madison,NA,NA,603,53705,WI,Eagle Heights Drive,apartments
36969787,36969787,NA,Madison,NA,NA,605,53705,WI,Eagle Heights Drive,apartments
36969788,36969788,NA,Madison,NA,NA,604,53705,WI,Eagle Heights Drive,apartments
36969789,36969789,Eagle Heights Community Center,Madison,NA,NA,611,53705,WI,Eagle Heights Drive,yes
36969790,36969790,NA,Madison,NA,NA,207,53705,WI,Eagle Heights Drive,apartments
36969791,36969791,NA,Madison,NA,NA,205,53705,WI,Eagle Heights Drive,apartments
36969792,36969792,NA,Madison,NA,NA,203,53705,WI,Eagle Heights Drive,apartments
36969793,36969793,NA,Madison,NA,NA,202,53705,WI,Eagle Heights Drive,apartments
36969794,36969794,NA,Madison,NA,NA,502,53705,WI,Eagle Heights Drive,apartments
36969795,36969795,NA,Madison,NA,NA,503,53705,WI,Eagle Heights Drive,apartments
36969797,36969797,NA,Madison,NA,NA,501,53705,WI,Eagle Heights Drive,apartments
36969798,36969798,NA,Madison,NA,NA,208,53705,WI,Eagle Heights Drive,apartments
36969799,36969799,NA,Madison,NA,NA,909,53705,WI,Eagle Heights Drive,apartments
36969800,36969800,NA,Madison,NA,NA,913,53705,WI,Eagle Heights Drive,apartments
36969801,36969801,NA,Madison,NA,NA,916,53705,WI,Eagle Heights Drive,apartments
36970106,36970106,NA,Madison,NA,NA,708,53705,WI,Eagle Heights Drive,apartments
36970107,36970107,NA,Madison,NA,NA,707,53705,WI,Eagle Heights Drive,apartments
36970108,36970108,NA,Madison,NA,NA,706,53705,WI,Eagle Heights Drive,apartments
36970109,36970109,NA,Madison,NA,NA,809,53705,WI,Eagle Heights Drive,apartments
36970110,36970110,NA,Madison,NA,NA,506,53705,WI,Eagle Heights Drive,apartments
36970111,36970111,NA,Madison,NA,NA,507,53705,WI,Eagle Heights Drive,apartments
36970112,36970112,NA,Madison,NA,NA,508,53705,WI,Eagle Heights Drive,apartments
36970113,36970113,NA,Madison,NA,NA,509,53705,WI,Eagle Heights Drive,apartments
36970114,36970114,NA,Madison,NA,NA,505,53705,WI,Eagle Heights Drive,apartments
36970115,36970115,NA,Madison,NA,NA,504,53705,WI,Eagle Heights Drive,apartments
36981715,36981715,NA,Madison,NA,NA,201,53705,WI,Eagle Heights Drive,apartments
36981718,36981718,NA,Madison,NA,NA,934,53705,WI,Eagle Heights Drive,apartments
36981719,36981719,NA,Madison,NA,NA,931,53705,WI,Eagle Heights Drive,apartments
36981720,36981720,NA,Madison,NA,NA,928,53705,WI,Eagle Heights Drive,apartments
36981721,36981721,NA,Madison,NA,NA,945,53705,WI,Eagle Heights Drive,apartments
36981722,36981722,NA,Madison,NA,NA,209,53705,WI,Eagle Heights Drive,apartments
36997886,36997886,NA,Madison,NA,NA,702,53705,WI,Eagle Heights Drive,apartments
36997887,36997887,NA,Madison,NA,NA,801,53705,WI,Eagle Heights Drive,apartments
36997888,36997888,NA,Madison,NA,NA,705,53705,WI,Eagle Heights Drive,apartments
36997889,36997889,NA,NA,NA,NA,23,NA,NA,University Houses,apartments
36997890,36997890,NA,NA,NA,NA,25,NA,NA,University Houses,apartments
36997891,36997891,NA,Madison,NA,NA,919,53705,WI,Eagle Heights Drive,apartments
36999139,36999139,NA,NA,NA,NA,15,NA,NA,University Houses,apartments
36999140,36999140,NA,NA,NA,NA,13,NA,NA,University Houses,apartments
36999141,36999141,NA,NA,NA,NA,11,NA,NA,University Houses,apartments
36999143,36999143,NA,NA,NA,NA,1,NA,NA,University Houses,apartments
37000641,37000641,NA,NA,NA,NA,38,NA,NA,University Houses,apartments
37000642,37000642,NA,NA,NA,NA,2,NA,NA,University Houses,apartments
37000643,37000643,NA,NA,NA,NA,18,NA,NA,University Houses,apartments
37000644,37000644,NA,NA,NA,NA,22,NA,NA,University Houses,apartments
37018822,37018822,NA,Madison,NA,NA,107,53705,WI,Eagle Heights Drive,apartments
37018823,37018823,NA,Madison,NA,NA,108,53705,WI,Eagle Heights Drive,apartments
37018824,37018824,NA,Madison,NA,NA,109,53705,WI,Eagle Heights Drive,apartments
37018825,37018825,NA,Madison,NA,NA,106,53705,WI,Eagle Heights Drive,apartments
37018826,37018826,NA,Madison,NA,NA,105,53705,WI,Eagle Heights Drive,apartments
37018827,37018827,NA,Madison,NA,NA,104,53705,WI,Eagle Heights Drive,apartments
37018828,37018828,NA,Madison,NA,NA,103,53705,WI,Eagle Heights Drive,apartments
37018829,37018829,NA,Madison,NA,NA,102,53705,WI,Eagle Heights Drive,apartments
37018830,37018830,NA,Madison,NA,NA,101,53705,WI,Eagle Heights Drive,apartments
37018832,37018832,Lot 131,NA,NA,NA,NA,NA,NA,NA,NA
37058819,37058819,NA,Madison,NA,NA,906,53705,WI,Eagle Heights Drive,apartments
37058820,37058820,NA,Madison,NA,NA,910,53705,WI,Eagle Heights Drive,apartments
37058821,37058821,NA,Madison,NA,NA,911,53705,WI,Eagle Heights Drive,apartments
37092590,37092590,NA,Madison,NA,NA,912,53705,WI,Eagle Heights Drive,apartments
37092592,37092592,NA,NA,NA,NA,17,NA,NA,University Houses,apartments
37092593,37092593,NA,NA,NA,NA,19,NA,NA,University Houses,apartments
37092594,37092594,NA,NA,NA,NA,21,NA,NA,University Houses,apartments
37092663,37092663,NA,NA,NA,NA,27,NA,NA,University Houses,apartments
37092664,37092664,NA,NA,NA,NA,29,NA,NA,University Houses,apartments
37092665,37092665,NA,NA,NA,NA,31,NA,NA,University Houses,apartments
37092666,37092666,NA,NA,NA,NA,26,NA,NA,University Houses,apartments
37092667,37092667,NA,NA,NA,NA,30,NA,NA,University Houses,apartments
37121752,37121752,NA,Madison,NA,NA,908,53705,WI,Eagle Heights Drive,apartments
37121753,37121753,NA,Madison,NA,NA,907,53705,WI,Eagle Heights Drive,apartments
37121754,37121754,NA,Madison,NA,NA,905,53705,WI,Eagle Heights Drive,apartments
37121755,37121755,NA,Madison,NA,NA,904,53705,WI,Eagle Heights Drive,apartments
37121756,37121756,NA,Madison,NA,NA,903,53705,WI,Eagle Heights Drive,apartments
37121757,37121757,NA,Madison,NA,NA,902,53705,WI,Eagle Heights Drive,apartments
37121758,37121758,NA,Madison,NA,NA,901,53705,WI,Eagle Heights Drive,apartments
37225867,37225867,Memorial Union,Madison,US,NA,800,NA,WI,Langdon Street,university
37256547,37256547,Wisconsin Alumni Research Foundation,Madison,US,NA,614,NA,WI,Walnut Street,university
37257115,37257115,Wendt Commons,Madison,US,NA,215,NA,WI,North Randall Avenue,university
37304624,37304624,NA,Madison,NA,NA,917,53705,WI,Eagle Heights Drive,apartments
37304625,37304625,NA,Madison,NA,NA,915,53705,WI,Eagle Heights Drive,apartments
37304626,37304626,NA,Madison,NA,NA,918,53705,WI,Eagle Heights Drive,apartments
37304627,37304627,NA,Madison,NA,NA,920,53705,WI,Eagle Heights Drive,apartments
37304628,37304628,NA,Madison,NA,NA,921,53705,WI,Eagle Heights Drive,apartments
37304629,37304629,NA,Madison,NA,NA,922,53705,WI,Eagle Heights Drive,apartments
37304630,37304630,NA,Madison,NA,NA,923,53705,WI,Eagle Heights Drive,apartments
37304631,37304631,NA,Madison,NA,NA,924,53705,WI,Eagle Heights Drive,apartments
37304632,37304632,NA,Madison,NA,NA,925,53705,WI,Eagle Heights Drive,apartments
37304823,37304823,NA,Madison,NA,NA,946,53705,WI,Eagle Heights Drive,apartments
37304824,37304824,NA,Madison,NA,NA,944,53705,WI,Eagle Heights Drive,apartments
37304825,37304825,NA,Madison,NA,NA,943,53705,WI,Eagle Heights Drive,apartments
37304826,37304826,NA,Madison,NA,NA,942,53705,WI,Eagle Heights Drive,apartments
37304827,37304827,NA,Madison,NA,NA,941,53705,WI,Eagle Heights Drive,apartments
37304828,37304828,NA,Madison,NA,NA,940,53705,WI,Eagle Heights Drive,apartments
37304829,37304829,NA,Madison,NA,NA,939,53705,WI,Eagle Heights Drive,apartments
37304830,37304830,NA,Madison,NA,NA,938,53705,WI,Eagle Heights Drive,apartments
37304831,37304831,NA,Madison,NA,NA,937,53705,WI,Eagle Heights Drive,apartments
37304832,37304832,NA,Madison,NA,NA,936,53705,WI,Eagle Heights Drive,apartments
37304833,37304833,NA,Madison,NA,NA,935,53705,WI,Eagle Heights Drive,apartments
37319652,37319652,NA,Madison,NA,NA,204,53705,WI,Eagle Heights Drive,apartments
37319653,37319653,NA,Madison,NA,NA,206,53705,WI,Eagle Heights Drive,apartments
37319654,37319654,NA,Madison,NA,NA,704,53705,WI,Eagle Heights Drive,apartments
37319655,37319655,NA,Madison,NA,NA,815,53705,WI,Eagle Heights Drive,apartments
37319656,37319656,NA,Madison,NA,NA,812,53705,WI,Eagle Heights Drive,apartments
37319657,37319657,NA,Madison,NA,NA,811,53705,WI,Eagle Heights Drive,apartments
37319658,37319658,NA,Madison,NA,NA,810,53705,WI,Eagle Heights Drive,apartments
37319659,37319659,NA,Madison,NA,NA,813,53705,WI,Eagle Heights Drive,apartments
37319660,37319660,NA,Madison,NA,NA,814,53705,WI,Eagle Heights Drive,apartments
37319661,37319661,NA,Madison,NA,NA,818,53705,WI,Eagle Heights Drive,apartments
37319662,37319662,NA,Madison,NA,NA,817,53705,WI,Eagle Heights Drive,apartments
37319663,37319663,NA,Madison,NA,NA,816,53705,WI,Eagle Heights Drive,apartments
37319664,37319664,NA,Madison,NA,NA,819,53705,WI,Eagle Heights Drive,apartments
37319665,37319665,NA,Madison,NA,NA,802,53705,WI,Eagle Heights Drive,apartments
37319666,37319666,NA,Madison,NA,NA,803,53705,WI,Eagle Heights Drive,apartments
37319667,37319667,NA,Madison,NA,NA,804,53705,WI,Eagle Heights Drive,apartments
37319668,37319668,NA,Madison,NA,NA,805,53705,WI,Eagle Heights Drive,apartments
37319669,37319669,NA,Madison,NA,NA,806,53705,WI,Eagle Heights Drive,apartments
37319670,37319670,NA,Madison,NA,NA,807,53705,WI,Eagle Heights Drive,apartments
37319671,37319671,NA,Madison,NA,NA,808,53705,WI,Eagle Heights Drive,apartments
37319672,37319672,NA,Madison,NA,NA,703,53705,WI,Eagle Heights Drive,apartments
37319673,37319673,NA,Madison,NA,NA,701,53705,WI,Eagle Heights Drive,apartments
37516017,37516017,Stock Pavilion,Madison,NA,NA,1675,NA,WI,Linden Drive,university
37516020,37516020,Russell Laboratories,Madison,NA,NA,NA,NA,WI,Linden Drive,university
37516023,37516023,DeLuca Biochemistry Laboratories,Madison,NA,NA,433,NA,WI,Babcock Drive,university
37550631,37550631,Jones House,Madison,US,NA,655,NA,WI,Elm Drive,dormitory
37550632,37550632,Sullivan Hall,Madison,US,NA,635,NA,WI,Elm Drive,dormitory
37550804,37550804,Agricultural Engineering Laboratory,Madison,NA,NA,540,NA,WI,Elm Drive,university
37550805,37550805,Animal Science Building,Madison,NA,NA,1675,NA,WI,Observatory Drive,university
37550807,37550807,Hanson Biomedical Sciences Building,NA,NA,NA,NA,NA,NA,NA,university
37550815,37550815,Steenbock Memorial Library,Madison,NA,NA,550,NA,WI,Babcock Drive,university
37552853,37552853,NA,Madison,NA,NA,927,53705,WI,Eagle Heights Drive,apartments
37552854,37552854,NA,Madison,NA,NA,933,53705,WI,Eagle Heights Drive,apartments
37552855,37552855,NA,Madison,NA,NA,932,53705,WI,Eagle Heights Drive,apartments
37552856,37552856,NA,Madison,NA,NA,930,53705,WI,Eagle Heights Drive,apartments
37552857,37552857,NA,Madison,NA,NA,929,53705,WI,Eagle Heights Drive,apartments
37552858,37552858,NA,Madison,NA,NA,926,53705,WI,Eagle Heights Drive,apartments
37691885,37691885,1910 Linden Dr.,Madison,NA,NA,1910,NA,WI,Linden Drive,university
37691887,37691887,Poultry Research Laboratory,Madison,NA,NA,1925,NA,WI,Observatory Drive,university
37691896,37691896,Biotron Laboratory,Madison,NA,NA,2115,NA,WI,Observatory Drive,university
37691897,37691897,NA,NA,NA,NA,NA,NA,NA,NA,NA
37722267,37722267,Livestock Laboratory,Madison,NA,NA,1810,NA,WI,Linden Drive,university
37723611,37723611,Science Hall,Madison,US,NA,550,NA,WI,North Park Street,university
37723613,37723613,Radio Hall,Madison,US,NA,975,NA,WI,Observatory Drive,university
37727226,37727226,NA,NA,NA,NA,NA,NA,NA,NA,NA
37727228,37727228,Van Hise Hall,Madison,US,NA,1220,NA,WI,Linden Drive,university
37748612,37748612,NA,NA,NA,NA,NA,NA,NA,NA,NA
37749296,37749296,William H. Sewell Social Sciences Building,Madison,US,NA,1180,NA,WI,Observatory Drive,university
37749297,37749297,NA,NA,NA,NA,NA,NA,NA,NA,NA
37749299,37749299,Water Science & Engineering Laboratory,Madison,NA,NA,660,NA,WI,North Park Street,university
37749300,37749300,Helen C. White Hall,Madison,US,NA,600,NA,WI,North Park Street,university
37749302,37749302,Arthur D. Hasler Laboratory of Limnology,Madison,NA,NA,680,NA,WI,North Park Street,university
37749303,37749303,Lot 8,NA,NA,NA,NA,NA,NA,NA,NA
37751417,37751417,Washburn Observatory,Madison,US,NA,1401,NA,WI,Observatory Drive,university
37751511,37751511,Waters Residence Hall,Madison,NA,NA,1200,53706,WI,Observatory Drive,dormitory
37751913,37751913,North Hall,Madison,US,NA,1050,NA,WI,Bascom Mall,university
37751914,37751914,Education Building,Madison,NA,NA,1000,NA,WI,Bascom Mall,university
37804098,37804098,Armory and Gymnasium,Madison,US,NA,716,NA,WI,Langdon Street,university
37804099,37804099,Wisconsin Historical Society,Madison,NA,NA,816,NA,WI,State Street,university
37862319,37862319,Chamberlin House,Madison,US,NA,665,NA,WI,Elm Drive,dormitory
37862320,37862320,Swenson House,Madison,US,NA,645,NA,WI,Elm Drive,dormitory
37862321,37862321,Bradley Residence Hall,Madison,US,NA,650,53706,WI,Elm Drive,dormitory
37862322,37862322,Phillips Residence Hall,Madison,US,NA,1950,53706-1132,WI,Willow Drive,dormitory
37862323,37862323,Goodnight Hall,Madison,NA,NA,1975,53706-1103,WI,Willow Drive,university
37924692,37924692,NA,NA,NA,NA,6,NA,NA,University Houses,apartments
37924693,37924693,NA,NA,NA,NA,34,NA,NA,University Houses,apartments
37924694,37924694,NA,NA,NA,NA,14,NA,NA,University Houses,apartments
37965212,37965212,Slichter Residence Hall,Madison,NA,NA,625,NA,WI,Babcock Drive,dormitory
37965574,37965574,Pyle Center,Madison,US,NA,702,NA,WI,Langdon Street,university
37966230,37966230,NA,NA,NA,NA,NA,NA,NA,NA,NA
37970663,37970663,Cole Hall,Madison,US,NA,625,NA,WI,Elm Drive,dormitory
37970664,37970664,Mack House,Madison,NA,NA,650,53706,WI,Babcock Drive,dormitory
37970665,37970665,Turner House,Madison,NA,NA,1620,NA,WI,Kronshage Drive,dormitory
37970666,37970666,Gilman House,Madison,NA,NA,1610,NA,WI,Kronshage Drive,dormitory
38019750,38019750,US Dairy Forage Research Center,Madison,NA,NA,1925,NA,WI,Linden Drive,university
38019751,38019751,Veterinary Medicine South,Madison,NA,NA,2015,NA,WI,Linden Drive,university
38060693,38060693,Humphrey Hall,Madison,NA,NA,640,53706,WI,Babcock Drive,dormitory
38060694,38060694,Jorns Hall,Madison,NA,NA,650,53706,WI,Babcock Drive,dormitory
38064535,38064535,Nielsen Tennis Stadium,Madison,NA,NA,1000,NA,WI,Highland Avenue,gymnasium
38064536,38064536,Lot 76 - University Bay Ramp,NA,NA,NA,NA,NA,NA,NA,parking
38263351,38263351,Muscle & Meat Science Research Laboratory,Madison,NA,NA,1805,NA,WI,Linden Drive,university
38263357,38263357,NA,NA,NA,NA,NA,NA,NA,NA,NA
38263358,38263358,NA,NA,NA,NA,NA,NA,NA,NA,NA
38263360,38263360,Dairy Cattle Instruction & Research Center,Madison,NA,NA,1815,NA,WI,Linden Drive,university
38311314,38311314,Wisconsin Veterinary Diagnostics Laboratory,Madison,NA,NA,445,NA,WI,NA,university
38311315,38311315,Lot 4,NA,NA,NA,NA,NA,NA,NA,NA
38311318,38311318,502 Herrick Dr.,Madison,NA,NA,2105,NA,WI,Linden Dr.,university
38311319,38311319,502 Herrick Dr.,Madison,NA,NA,2115,NA,WI,Linden Dr.,university
38311320,38311320,NA,NA,NA,NA,NA,NA,NA,NA,NA
38311392,38311392,NA,NA,NA,NA,NA,NA,NA,NA,NA
38855393,38855393,Law Building,Madison,NA,NA,975,NA,WI,Bascom Mall,university
38855394,38855394,Birge Hall,Madison,NA,NA,430,NA,WI,Bascom Mall,university
38855396,38855396,Van Vleck Hall,Madison,US,NA,480,NA,WI,Lincoln Drive,university
38855397,38855397,Mark H Ingraham Hall,Madison,US,NA,1155,NA,WI,Observatory Drive,university
38855398,38855398,Nancy Nicholas Hall,Madison,US,NA,1300,NA,WI,Linden Drive,university
38855410,38855410,Bradley Memorial Building,Madison,NA,NA,1225,NA,WI,Linden Drive,university
38855411,38855411,Bardeen Medical Laboratories,Madison,NA,NA,1215,NA,WI,Linden Drive,university
38855412,38855412,William S. Middleton Office Building,Madison,US,NA,1305,NA,WI,Linden Drive,university
38855842,38855842,Nutritional Sciences,Madison,US,NA,1415,NA,WI,Linden Drive,university
38855843,38855843,Stovall Building (Wisconsin State Laboratory of Hygiene),Madison,US,NA,465,NA,WI,Henry Mall,university
38855860,38855860,Microbial Sciences Building,Madison,NA,NA,1550,NA,WI,Linden Drive,university
38856035,38856035,Babcock Hall,Madison,NA,NA,1605,NA,WI,Linden Drive,university
38856036,38856036,Lot 40,NA,NA,NA,NA,NA,NA,NA,NA
38856040,38856040,Horticulture,Madison,NA,NA,1575,NA,WI,Linden Drive,university
38856041,38856041,Moore Hall,Madison,NA,NA,1575,NA,WI,Linden Drive,university
38856044,38856044,Robert M. Bock Laboratories,Madison,NA,NA,1525,NA,WI,Linden Drive,university
38856046,38856046,Agricultural Engineering,Madison,US,NA,460,NA,WI,Henry Mall,university
38953056,38953056,Hiram Smith Hall,Madison,US,NA,1545,NA,WI,Observatory Drive,university
38953057,38953057,Hiram Smith Hall Annex,Madison,US,NA,1555,NA,WI,Observatory Drive,university
38953058,38953058,Agricultural Heating Station,Madison,US,NA,1535,NA,WI,Observatory Drive,university
38953059,38953059,Soils Building,Madison,US,NA,1525,NA,WI,Observatory Drive,university
38953060,38953060,King Hall,Madison,US,NA,1475,NA,WI,Observatory Drive,university
38953062,38953062,NA,NA,NA,NA,NA,NA,NA,NA,NA
38953076,38953076,Agricultural Hall,Madison,US,NA,1450,NA,WI,Linden Drive,university
38953092,38953092,NA,NA,NA,NA,NA,NA,NA,NA,NA
38953093,38953093,NA,NA,NA,NA,NA,NA,NA,NA,NA
38953095,38953095,Robert M. Lafollette School of Public Affairs,Madison,US,NA,1225,NA,WI,Observatory Drive,university
38953096,38953096,NA,NA,NA,NA,NA,NA,NA,NA,NA
38953112,38953112,Carson Gulley Center,Madison,NA,NA,1515,53706,WI,Tripp Circle,dormitory
39015616,39015616,McArdle Building,Madison,US,NA,1400,NA,WI,University Avenue,university
39015618,39015618,Taylor Hall,Madison,US,NA,427,NA,WI,Lorch Court,university
39015619,39015619,NA,Madison,NA,NA,445,NA,WI,Henry Mall,university
39015620,39015620,Genetics-Biotechnology Center Building,Madison,US,NA,425,NA,WI,Henry Mall,university
39015623,39015623,Service Memorial Institute,Madison,NA,NA,470,NA,WI,North Charter Street,university
39015624,39015624,School of Social Work Building,Madison,US,NA,1350,NA,WI,University Avenue,university
39015632,39015632,NA,NA,NA,NA,NA,NA,NA,NA,NA
39201158,39201158,Sterling Hall,Madison,US,NA,475,NA,WI,North Charter Street,university
39201159,39201159,Thomas C. Chamberlin Hall,Madison,US,NA,1150,NA,WI,University Avenue,university
39201160,39201160,Botany Greenhouse,NA,NA,NA,NA,NA,NA,NA,university
39201161,39201161,Lathrop Hall,Madison,US,NA,1050,NA,WI,University Avenue,university
39201162,39201162,Barnard Residence Hall,Madison,US,NA,970,NA,WI,University Avenue,dormitory
39201163,39201163,Music Hall,Madison,NA,NA,925,NA,WI,Bascom Mall,university
39201164,39201164,Chadbourne Residence Hall,Madison,US,NA,420,NA,WI,North Park Street,dormitory
39201168,39201168,South Hall,Madison,US,NA,1055,NA,WI,Bascom Mall,university
56997834,56997834,1410 Engineering Dr,Madison,US,NA,1410,NA,WI,Engineering Drive,university
56997835,56997835,Mechanical Engineering Building,Madison,US,NA,1513,NA,WI,University Avenue,university
56997836,56997836,Engineering Centers Building,Madison,US,NA,1550,NA,WI,Engineering Drive,university
56997837,56997837,Engineering Research Building,Madison,US,NA,1500,NA,WI,Engineering Drive,university
56997838,56997838,Engineering Hall,Madison,NA,NA,1415,NA,WI,Engineering Drive,university
60320800,60320800,Materials Science and Engineering,Madison,US,NA,1509,NA,WI,University Avenue,university
101606146,101606146,Memorial Library,Madison,US,NA,728,NA,WI,State Street,university
101606150,101606150,Extension Building,Madison,US,NA,432,NA,WI,North Lake Street,university
101606159,101606159,NA,NA,NA,NA,NA,NA,NA,NA,NA
102201656,102201656,Merit Residence Hall,Madison,NA,NA,919,NA,WI,West Dayton Street,dormitory
102234779,102234779,Art Lofts,NA,NA,NA,111,NA,NA,North Frances Street,university
102239119,102239119,Smith Residence Hall,Madison,NA,NA,35,53715,WI,North Park Street,dormitory
102332638,102332638,Lowell Center,Madison,US,NA,610,NA,WI,Langdon Street,dormitory
102926719,102926719,Lot 9,NA,NA,NA,NA,NA,NA,NA,NA
107463295,107463295,Waisman Center,Madison,NA,NA,1500,53705,NA,Highland Avenue,university
107463303,107463303,American Family Children's Hospital,Madison,NA,NA,1675,53705,NA,Highland Avenue,hospital
107463313,107463313,Rennebohm Hall,Madison,NA,NA,777,NA,WI,Highland Ave,university
107463322,107463322,Lot 75 - UW Hospital Ramp,Madison,NA,NA,610,NA,WI,Highland Avenue,parking
107463323,107463323,Health Sciences Learning Center,Madison,NA,NA,750,NA,WI,Highland Avenue,university
107584430,107584430,Ogg Residence Hall,Madison,NA,NA,835,NA,WI,West Dayton Street,dormitory
108065778,108065778,UW Medical Foundation Centennial Building,NA,NA,NA,NA,NA,NA,NA,yes
139958463,139958463,Integrative Biology Research Building,NA,NA,NA,1117,NA,NA,NA,university
139958467,139958467,Noland Hall,Madison,NA,NA,250,NA,WI,North Mills Street,university
153060482,153060482,Chemistry Building,Madison,NA,NA,1101,53706,WI,University Avenue,university
153060483,153060483,Grainger Hall,Madison,NA,NA,975,NA,WI,University Avenue,university
153060489,153060489,Vilas Communication Hall,Madison,US,NA,821,NA,WI,University Avenue,university
153063309,153063309,Brogden Psychology,Madison,US,NA,1202,53706,WI,West Johnson Street,university
153063315,153063315,Wisconsin Institute for Discovery,Madison,US,NA,330,NA,WI,North Orchard Street,university
153630414,153630414,Witte Residence Hall,Madison,US,NA,615,NA,WI,West Johnson Street,dormitory
153640713,153640713,Sellery Residence Hall,Madison,US,NA,821,NA,WI,West Johnson Street,dormitory
153640719,153640719,Teacher Education,Madison,NA,NA,225,NA,WI,North Mills Street,university
153640720,153640720,Educational Sciences,Madison,NA,NA,1025,NA,WI,West Johnson Street,university
153660065,153660065,Union South,Madison,NA,NA,1308,53715,WI,West Dayton Street,university
153660089,153660089,Atmospheric & Oceanic Sciences,Madison,US,NA,1225,NA,WI,West Dayton Street,university
153660095,153660095,Enzyme Institute,NA,NA,NA,NA,NA,NA,NA,university
153660098,153660098,1610 University Ave.,Madison,NA,NA,1610,NA,WI,University Avenue,university
153660099,153660099,Computer Sciences and Statistics,Madison,NA,NA,1210,53706,WI,West Dayton Street,university
153660100,153660100,NA,NA,NA,NA,NA,NA,NA,NA,NA
153660110,153660110,NA,NA,NA,NA,NA,NA,NA,NA,NA
154163171,154163171,NA,NA,NA,NA,NA,NA,NA,NA,NA
158973590,158973590,Carillon Tower,Madison,US,Carillon Tower,1160,NA,WI,Observatory Drive,university
172980982,172980982,Harlow Primate Laboratory,Madison,US,NA,22,NA,WI,North Charter Street,university
172980983,172980983,Wisconsin Primate Center,Madison,US,NA,1223,NA,WI,Capitol Court,university
172980984,172980984,Wisconsin National Primate Research Center,Madison,US,NA,1220,NA,WI,Capitol Court,university
172992066,172992066,Medical Sciences,Madison,NA,NA,NA,NA,WI,NA,university
173499562,173499562,Rust-Schreiner Hall,Madison,US,NA,115,NA,WI,North Orchard Street,university
173506603,173506603,DeLuca Biochemical Sciences Building,NA,NA,NA,440,NA,NA,Henry Mall,university
173508078,173508078,Plant Sciences,Madison,NA,NA,1575,NA,WI,Linden Drive,university
173709889,173709889,Dejope Residence Hall,Madison,US,NA,640,53706-1134,WI,Elm Drive,dormitory
173710620,173710620,Adams Residence Hall,Madison,NA,NA,1520,53706,WI,Tripp Circle,dormitory
173711252,173711252,Lot 35,NA,NA,NA,NA,NA,NA,NA,NA
173711254,173711254,NA,NA,NA,NA,NA,NA,NA,NA,NA
174188348,174188348,NA,NA,NA,NA,NA,NA,NA,NA,NA
174188351,174188351,Lot 131,NA,NA,NA,NA,NA,NA,NA,NA
174188355,174188355,Signe Skott Cooper Hall,NA,NA,NA,701,NA,NA,Highland Avenue,university
174188357,174188357,NA,NA,NA,NA,NA,NA,NA,NA,NA
174188358,174188358,NA,NA,NA,NA,NA,NA,NA,NA,NA
174188359,174188359,NA,NA,NA,NA,NA,NA,NA,NA,NA
174311683,174311683,NA,NA,NA,NA,NA,NA,NA,NA,NA
174805020,174805020,NA,NA,NA,NA,NA,NA,NA,NA,NA
174817939,174817939,NA,NA,NA,NA,NA,NA,NA,NA,NA
175079855,175079855,Wisconsin Institutes for Medical Research,Madison,NA,NA,1111,NA,WI,Highland Avenue,university
175093436,175093436,Lot 54,NA,NA,NA,NA,NA,NA,NA,NA
175094067,175094067,NA,NA,NA,NA,NA,NA,NA,NA,NA
175094068,175094068,NA,NA,NA,NA,NA,NA,NA,NA,NA
175112238,175112238,Lot 41,NA,NA,NA,NA,NA,NA,NA,NA
175332344,175332344,Lot 120,NA,NA,NA,NA,NA,NA,NA,NA
175334815,175334815,NA,NA,NA,NA,NA,NA,NA,NA,NA
175344876,175344876,Athletic Operations Building,Madison,US,NA,25,53711,WI,North Breese Terrace,university
175346220,175346220,Field House,Madison,NA,NA,1450,53711,WI,Monroe Street,university
175346221,175346221,Kellner Hall,Madison,NA,NA,1440,53711,WI,Monroe Street,university
175453744,175453744,Lot 28,NA,NA,NA,NA,NA,NA,NA,NA
193490363,193490363,Wisconsin Energy Institute,Madison,US,NA,1552,NA,WI,University Avenue,university
193492268,193492268,Gordon Dining and Event Center,Madison,US,NA,770,NA,WI,West Dayton Street,university
193571969,193571969,Leopold Residence Hall,Madison,NA,NA,1635,53706,WI,Kronshage Drive,dormitory
232691020,232691020,Lot 45,NA,NA,NA,NA,NA,NA,NA,NA
295278459,295278459,MÃ¡quina,NA,NA,NA,NA,NA,NA,NA,NA
295601556,295601556,NA,NA,NA,NA,NA,NA,NA,NA,university
295708135,295708135,Chazen Museum of Art,Madison,US,NA,750,NA,WI,University Avenue,university
299403520,299403520,NA,NA,NA,NA,NA,NA,NA,NA,NA
299403522,299403522,502 Herrick Dr.,Madison,NA,NA,502,NA,WI,Herrick Drive,university
300841474,300841474,NA,NA,NA,NA,NA,NA,NA,NA,NA
300841476,300841476,NA,NA,NA,NA,NA,NA,NA,NA,NA
300841478,300841478,NA,NA,NA,NA,NA,NA,NA,NA,NA
300841480,300841480,NA,NA,NA,NA,NA,NA,NA,NA,NA
300841482,300841482,NA,NA,NA,NA,NA,NA,NA,NA,NA
300841484,300841484,NA,NA,NA,NA,NA,NA,NA,NA,NA
300841486,300841486,NA,NA,NA,NA,NA,NA,NA,NA,NA
343102925,343102925,NA,NA,NA,NA,NA,NA,NA,NA,university
343102926,343102926,NA,NA,NA,NA,NA,NA,NA,NA,university
343102927,343102927,NA,NA,NA,NA,NA,NA,NA,NA,university
412585896,412585896,DeLuca Biochemistry Building,Madison,NA,NA,420,NA,WI,Henry Mall,university
412587482,412587482,NA,NA,NA,NA,9,NA,NA,University Houses,apartments
412587483,412587483,NA,NA,NA,NA,35,NA,NA,University Houses,apartments
412587484,412587484,NA,NA,NA,NA,10,NA,NA,University Houses,apartments
412587485,412587485,NA,NA,NA,NA,5,NA,NA,University Houses,apartments
412587486,412587486,NA,NA,NA,NA,3,NA,NA,University Houses,apartments
412587488,412587488,NA,NA,NA,NA,33,NA,NA,University Houses,apartments
412587489,412587489,NA,NA,NA,NA,7,NA,NA,University Houses,apartments
412587490,412587490,NA,NA,NA,NA,37,NA,NA,University Houses,apartments
484383229,484383229,Hamel Music Center,NA,NA,NA,740,NA,NA,University Avenue,university
490171328,490171328,Meat Science and Animal Biologics Discovery,Madison,NA,NA,1933,NA,WI,Observatory Drive,university
534600247,534600247,Lot 14,NA,NA,NA,NA,NA,NA,NA,NA
870590630,870590630,Veterans Administration Hospital,Madison,NA,NA,2500,NA,WI,Overlook Terrace,hospital
870590639,870590639,UW Health University Hospital,Madison,NA,NA,600,53792,WI,Highland Avenue,hospital
878819595,878819595,Van Hise Hall,NA,NA,NA,NA,NA,NA,NA,NA
916831421,916831421,Bakke Recreation & Wellbeing Center,Madison,NA,NA,1976,53706,WI,Observatory Drive,sports_centre
977911101,977911101,NA,NA,NA,NA,NA,NA,NA,NA,NA
977911102,977911102,NA,NA,NA,NA,NA,NA,NA,NA,NA
977911103,977911103,NA,NA,NA,NA,NA,NA,NA,NA,NA
977911104,977911104,NA,NA,NA,NA,NA,NA,NA,NA,NA
1000383053,1000383053,Nicholas Recreation Center,Madison,NA,NA,797,53706,WI,West Dayton Street,university
1002143306,1002143306,NA,NA,NA,NA,NA,NA,NA,NA,NA
1036447764,1036447764,Lakeshore Nature Preserve,NA,NA,NA,NA,NA,NA,NA,NA
1056550703,1056550703,Engineering Mall,NA,NA,NA,NA,NA,NA,NA,NA
1175821892,1175821892,NA,NA,NA,NA,NA,NA,NA,NA,NA
1289164170,1289164170,NA,NA,NA,NA,NA,NA,NA,NA,NA
1289164192,1289164192,NA,NA,NA,NA,NA,NA,NA,NA,NA
1292203496,1292203496,Hoofers Sailing Club,NA,NA,NA,NA,NA,NA,NA,university
1300131684,1300131684,NA,NA,NA,NA,NA,NA,NA,NA,NA
1305074709,1305074709,NA,NA,NA,NA,NA,NA,NA,NA,NA
2071317,2071317,Weeks Hall for Geological Sciences,Madison,,NA,1215,,WI,West Dayton Street,university
2075103,2075103,Mosse Humanities Building,Madison,US,NA,455,,WI,North Park Street,university
2335674,2335674,Lot 60,,,NA,,,,,
2339605,2339605,Lot 81,,,NA,,,,,
3875653,3875653,Lot 26,,,NA,,,,,
3875654,3875654,Lot 39,,,NA,,,,,
3979952,3979952,Cereal Crops Research Unit,Madison,,NA,502,,WI,Walnut street,university
3999699,3999699,Harvey Street Apartments,,,NA,,,,,apartments
13147836,13147836,Lot 34,,,NA,,,,,
13436948,13436948,Lot 41,,,NA,,,,,parking
13940426,13940426,Lot 82,,,NA,,,,,
13940463,13940463,Lot 37,,,NA,,,,,
13940471,13940471,Lot 59,,,NA,,,,,
17672451,17672451,Bascom Hall,Madison,,NA,500,,WI,Lincoln Drive,university
17672452,17672452,Medical Sciences Center,Madison,,NA,1350,,WI,University Avenue,university
17899257,17899257,Veterinary Medicine North,Madison,,NA,515,53706,WI,Easterday Lane,university
18793475,18793475,University Club,Madison,,NA,803;432,53703,WI,State Street;East Campus Mall,yes;retail
18849422,18849422,Conrad A. Elvehjem Building,Madison,US,NA,800,,WI,University Avenue,university